gflops,stddev
9202.521973,375.207065
