gflops,stddev
11711.343864,91.219309