gflops,stddev
9965.326428,155.123842