gflops,stddev
9628.238379,118.162793
