gflops,stddev
14452.619727,74.311332
