gflops,stddev
14124.479883,113.990015
