gflops,stddev
11425.431808,40.862179