gflops,stddev
11056.834863,283.173176
