gflops,stddev
10835.441211,178.764608
