gflops,stddev
11773.896139,74.566840