gflops,stddev
12483.822207,193.232474