gflops,stddev
11375.821777,208.441194
