gflops,stddev
11916.271302,95.057572