gflops,stddev
11727.874219,186.115241
