gflops,stddev
11843.036426,175.247292
