gflops,stddev
12727.713400,51.604876