gflops,stddev
11634.413770,172.049400
