gflops,stddev
11919.561306,58.182469